PTM	Maria	Ieva
Interchain (with C-151)	N/A	1
O-linked (GalNAc...) serine	214	214
Cyclopeptide (Glu-Asn)	1	1
Interchain (with C-100 in coagulation factor X-activating enzyme light chain LC1)	N/A	1
O-linked (GlcNAc6P) serine	2	2
Interchain (between Abeta and B chains)	N/A	1
Iodotyrosine	14	14
Interchain (between large and small chains)	N/A	1
O-(2-cholinephosphoryl)serine	1	1
(3R)-3-hydroxyarginine	3	3
Interchain (with gM)	N/A	2
Interchain (with C-19 in A0A2D1W2A5)	N/A	1
Sulfotyrosine	198	198
S-(2-aminovinyl)-3-methyl-D-cysteine (Thr-Cys)	1	1
Interchain (with C-59 in alpha subunit)	N/A	1
O-(phosphoribosyl dephospho-coenzyme A)serine	3	3
Interchain (with C-104)	N/A	4
N-linked (GlcNAc...) (high mannose) asparagine	135	135
N4-methyl-D-asparagine	6	6
Interchain (with C-147 in GP1BB)	N/A	2
O3-poly(beta-hydroxybutyryl)serine	2	2
Or C-45 with C-104	N/A	1
Interchain (with C-104 in subunit alpha of heterodimeric partner)	N/A	2
N-methylalanine	11	11
Oxazole-4-carboxylic acid (Cys-Ser)	1	1
Interchain (with C-22)	N/A	15
N-formylmethionine	119	119
1-(tryptophan-3-yl)-tryptophan (Trp-Trp) (interchain with W-33)	1	1
Interchain (with C-20 in A0A067Z050)	N/A	1
4'-cysteinyl-tryptophylquinone (Cys-Trp)	2	2
Interchain (with C-189 in SLC31A1)	N/A	1
N6-(3,6-diaminohexanoyl)-5-hydroxylysine	2	2
Interchain (with C-66 in subunit B)	N/A	3
S-farnesyl cysteine	85	85
Interchain (with C-436)	N/A	1
In the inactive membrane-associated endolysin	N/A	1
N6-(pyridoxal phosphate)lysine (covalent)	124	124
In disulfide HMGB1	N/A	1
Interchain (with C-75 in subunit B)	N/A	1
(Microbial infection) ADP-ribosyldiphthamide	2	2
5-glutamyl dopamine	5	5
Interchain (with C-530)	N/A	2
Interchain (with C-391 in coagulation factor X-activating enzyme heavy chain)	N/A	1
Cyclopeptide (Asn-Gly)	1	1
3'-geranyl-2',N2-cyclotryptophan	2	2
Interchain (with C-202)	N/A	1
N-[(12R)-12-hydroxymyristoyl]cysteine	1	1
N-acetylalanine	1599	1599
C-linked (Man) hydroxytryptophan	90	90
GPI-like-anchor amidated serine	1	1
N-carbamoylalanine	1	1
Inhibitory under oxidizing conditions	N/A	2
S-4a-FMN cysteine	1	1
ADP-ribosyltyrosine	2	2
Thiazole-4-carboxylic acid (Ser-Cys)	3	3
Thiazole-4-carboxylic acid (Cys-Cys)	1	1
Interchain (with C-59 in KLRD1)	N/A	1
Or C-51 with C-4 or C-9	N/A	1
N-linked (GlcNAc...) (complex) asparagine	310	310
Interchain (between alpha and beta chains, with C-440 in beta chain)	N/A	1
In zinc metalloproteinase-disintegrin-like VAP2B	N/A	16
Interchain (with C-482 in A0A0N9RDU4)	N/A	1
(4R)-4,5-dihydroxyleucine	1	1
Interchain (with beta chain)	N/A	4
3'-nitrotyrosine	55	55
Interchain (with C-96 in IL12A and C-73 in IL23A)	N/A	1
O-linked (Gal...) hydroxylysine	47	47
by OPG088	N/A	6
Interchain (with C-160)	N/A	1
7'-hydroxytryptophan	90	90
PolyADP-ribosyl glutamic acid	21	21
Interchain (with C-40)	N/A	1
Interchain (with C-225)	N/A	2
In oxidized inactive NAD-MDH	N/A	2
Interchain (with C-1208 in KDR)	N/A	1
CysO-cysteine adduct	1	1
S-methylcysteine	14	14
Thyroxine	5	5
Interchain (with C-482 in Q91MA7)	N/A	1
N6,N6,N6-trimethyl-5-hydroxylysine	5	5
Interchain (with C-106 in beta chain)	N/A	1
O-linked (Man6P...) threonine	3	3
Interchain (with C-21 in A0A5B9ZSV0)	N/A	1
Interchain (with C-57 in PDIA3)	N/A	1
S-(4-hydroxycinnamyl)cysteine	3	3
Interchain (with C-563 in SUN2)	N/A	1
(Microbial infection) Glycyl lysine isopeptide (Lys-Gly) (interchain with G-Cter in SUMO)	1	1
Interchain (with C-20 in Q5EP31)	N/A	2
Asparagine amide	143	143
GPI-anchor amidated alanine	2	2
S-linked (Glc...) cysteine	1	1
N-acetylthreonine	243	243
Or C-49 with C-94	N/A	1
3'-bromotyrosine	2	2
(Microbial infection) S-methylcysteine	3	3
Glycyl lysine isopeptide (Lys-Gly) (interchain with G-Cter in SUMO3)	9	9
MIO	9	9
Interchain (with C-215)	N/A	2
Interchain (with C-572)	N/A	1
Interchain (with C-85)	N/A	1
(3S)-3-hydroxyaspartate	1	1
O-palmitoyl serine	1	1
Interchain (with C-37 or C-91 of JCHAIN)	N/A	1
Interchain (with C-11 in subunit A)	N/A	1
O-(5'-phospho-RNA)-serine	1	1
Interchain (with C-38)	N/A	2
Interchain (with C-26)	N/A	3
O-linked (Glc...) tyrosine	11	11
Pyruvic acid (Ser)	20	20
O-linked (Fuc...) serine	19	19
Cis-14-hydroxy-10,13-dioxo-7-heptadecenoic acid aspartate ester	1	1
Cyclopeptide (Cys-Arg) (interchain with R-65 in subunit A)	2	2
3-hydroxyvaline (Thr)	1	1
Interchain (with C-230)	N/A	1
Interchain (with C-290)	N/A	2
N6-benzoyllysine	1	1
Isoglutamyl lysine isopeptide (Lys-Gln) (interchain with Q-Cter in protein Pup)	111	111
N,N,N-trimethylglycine	4	4
(2-aminosuccinimidyl)acetic acid (Asp-Gly)	1	1
Phosphocysteine	6	6
Beta-decarboxylated aspartate	1	1
Interchain (with C-201)	N/A	1
Interchain (with C-413 in MICU2)	N/A	1
Interchain (with C-357)	N/A	1
S-(coelenterazin-3a-yl)cysteine	1	1
(3S)-3-hydroxyasparagine	29	29
Interchain (with C-117)	N/A	2
S-Lysyl-methionine sulfilimine (Lys-Met) (interchain with M-1533)	3	3
Interchain (with C-169)	N/A	2
Cysteine amide	155	155
S-palmitoyl cysteine	442	442
Involved in overall enzyme stability, but not essential for carbapenem-hydrolyzing activity	N/A	1
N5-[4-(S-L-cysteinyl)-5-methyl-1H-imidazol-2-yl]-L-ornithine (Cys-Arg) (interchain with R-135 in KEAP1)	1	1
Interchain (with C-258)	N/A	1
Interchain (with C-138)	N/A	1
O-linked (GlcA) serine	2	2
3-oxoalanine (Cys)	14	14
Interchain (with C-793)	N/A	1
N6-(beta-hydroxybutyryl)lysine	366	366
3'-farnesyl-2',N2-cyclotryptophan	2	2
Interchain (with C-1791)	N/A	1
Lysine tyrosylquinone (Tyr-Lys)	1	1
Interchain (with C-109)	N/A	1
Isoglutamyl lysine isopeptide (Lys-Gln) (interchain with Q-216)	1	1
(Microbial infection) Deamidated glutamine	3	3
Interchain (with C-414)	N/A	2
In AusIA-globular form	N/A	2
Interchain (with C-17)	N/A	5
Arginine amide	162	162
O-linked (Fuc...) threonine	47	47
O-UMP-tyrosine	6	6
(4R)-5-hydroxyleucine	1	1
Interchain (with C-182 in PIGT)	N/A	1
Diiodotyrosine	9	9
In forms A and B	N/A	1
Interchain (with C-269)	N/A	1
Interchain (with C-13 in EMF10A)	N/A	1
Interchain (with C-99)	N/A	1
Interchain (with C-180)	N/A	2
(Microbial infection) O-AMP-threonine	3	3
Thiazole-4-carboxylic acid (Gly-Cys)	4	4
Interchain (with C-116 in KLRC1/NGK2A)	N/A	1
Or C-587 with C-600	N/A	1
Interchain (with C-285 in JUND)	N/A	1
Interchain (with C-104 in subunit A)	N/A	1
O-linked (Xyl...) (keratan sulfate) threonine	3	3
O-linked (GlcNAc...) asparagine	1	1
Interchain (with C-426 in subunit beta)	N/A	1
Interchain (with C-19 in subunit B2)	N/A	1
Alanine amide	59	59
In both disintegrin-like catrocollastatin-C and zinc metalloproteinase-disintegrin-like VAP2B	N/A	1
Interchain (with C-76 in Irditoxin subunit A)	N/A	1
Thiazole-4-carboxylic acid (Arg-Cys)	1	1
Interchain (with C-474)	N/A	1
2-cysteinyl-D-allo-threonine (Cys-Thr)	1	1
5-glutamyl histamine	2	2
Interchain (with C-287)	N/A	1
Interchain (with C-291)	N/A	1
Isoaspartyl lysine isopeptide (Asn-Lys) (interchain with K-169)	1	1
Omega-N-methylated arginine	4	4
Interchain (with C-22 in A0A2I7YV81)	N/A	1
Interchain (with C-18 in subunit B1)	N/A	1
O-methylthreonine	3	3
Interchain (with C-82)	N/A	2
Interchain (with C-1315)	N/A	1
Interchain (with C-482 in R9XUW5)	N/A	1
Leucine methyl ester	8	8
N2-succinyltryptophan	1	1
Interchain (with C-24 in trimeric partner 2)	N/A	1
Thiazolidine linkage	N/A	2
Interchain (with C-372 in trimeric partner 1)	N/A	1
Or C-6 with C-31	N/A	1
Interchain (with C-194 in C8-alpha chain)	N/A	1
Interchain (with C-732 in PAPPA)	N/A	1
Interchain (with C-18 in subunit B)	N/A	1
Interchain (with C-14)	N/A	2
Interchain (with chain IIA)	N/A	1
3,3-dimethylmethionine	1	1
Isoleucine amide	130	130
Interchain (with C-8 in membrane protein)	N/A	1
N6-glutaryllysine	220	220
ADP-ribosylcysteine	13	13
Interchain (with C-50)	N/A	4
2',4',5'-topaquinone	15	15
D-methionine	3	3
Interchain (between A2 and B1a chains)	N/A	1
Interchain (with C-529)	N/A	1
N6-methyllysine	497	497
Interchain (with C-195)	N/A	1
O-linked (Glc...) serine	52	52
O-acetylthreonine	4	4
S-archaeol cysteine	1	1
N-acetylglutamate	7	7
Interchain (with C-347)	N/A	1
Glycyl lysine isopeptide (Lys-Gly) (interchain with G-Cter in SUMO1P1/SUMO5)	5	5
Interchain (between SU and TM chains, or C-228 with C-401)	N/A	1
Interchain (with C-22 in A0A024CX39)	N/A	1
5-glutamyl polyglycine	3	3
In Imi-globular form	N/A	2
Interchain (with C-76)	N/A	3
Cysteine methyl disulfide	2	2
N-acetylmethionine	1240	1240
Interchain (with C-481)	N/A	12
Blocked amino end (Ser)	6	6
Glutamine amide	58	58
Interchain (with C-94)	N/A	2
Interchain (with C-21 in A7Y8I1)	N/A	2
Interchain (with C-476 in A0A0K1LUI9)	N/A	1
Interchain (with C-165 in gamma chain)	N/A	1
Interchain (with C-479 in A2V851)	N/A	1
N-methylleucine	8	8
3',4'-dihydroxyphenylalanine	77	77
ADP-ribosyl aspartic acid	8	8
Interchain (with chain IIC)	N/A	1
5-glutamyl glutamate	3	3
S-cysteinyl cysteine	3	3
Pros-methylhistidine	26	26
N-methylmethionine	5	5
Intrachain	N/A	1
In soluble form	N/A	2
O-AMP-tyrosine	7	7
Interchain (with C-262 in virB9)	N/A	1
Interchain (with C-53)	N/A	1
Interchain (with C-274)	N/A	1
Interchain (with C-482 in A0A2U5FPI7)	N/A	1
Interchain (with C-499)	N/A	1
Interchain (with C-431 in subunit beta)	N/A	1
Redox-active	N/A	130
Cyclopeptide (Ser-Asn)	3	3
Glycyl lysine isopeptide (Lys-Gly) (interchain with G-Cter in ATG12)	2	2
O-decanoyl serine	5	5
O-linked (FucNAc...) serine	1	1
Interchain (with C-54 in alpha subunit)	N/A	1
Interchain (with C-119)	N/A	1
Interchain (with C-80)	N/A	2
Interchain (with C-162)	N/A	1
(Microbial infection) ADP-ribosylarginine	2	2
Interchain (with C-670)	N/A	2
Pyruvic acid (Cys)	1	1
Interchain (with C-483 in Q6J0Q2)	N/A	1
N-linked (Glc) (glycation) lysine	95	95
Oxazole-4-carboxylic acid (Ile-Ser)	1	1
In form A and B	N/A	3
Interchain (with C-365)	N/A	1
Interchain (with C-124)	N/A	1
(Microbial infection) O-linked (Glc) threonine	11	11
Glycyl lysine isopeptide (Lys-Gly) (interchain with G-Cter in SUMO2 and SUMO3)	2	2
Interchain (with C-51)	N/A	2
Decarboxylated threonine	1	1
Interchain (with C-158 in coagulation factor X-activating enzyme light chain LC2)	N/A	1
Glycyl lysine isopeptide (Lys-Gly) (interchain with G-Cter in ubiquitin)	1589	1589
(Microbial infection) O-linked (GlcNAc) tyrosine	3	3
Interchain (with C-21 in A0A6M3Z334)	N/A	1
Interchain (with C-37 in P03420)	N/A	1
O-linked (Xyl...) serine	3	3
O-(sn-1-glycerophosphoryl)serine	2	2
Interchain (with C-167)	N/A	1
Interchain (with C-859)	N/A	1
Interchain (with C-187 in GP7)	N/A	1
Tryptophyl-tyrosyl-methioninium (Tyr-Met) (with W-107)	1	1
Glycyl cysteine dithioester (Gly-Cys) (interchain with C-493 in Cap2)	1	1
O-linked (GalNAc) serine	8	8
Interchain (with C-30 in A0A218KIQ1)	N/A	1
Interchain (with C-102)	N/A	1
D-serine (Cys)	1	1
Hydroxyarginine	2	2
Tele-8alpha-FAD histidine	11	11
Blocked amino end (Met)	7	7
Cyclopeptide (Cys-Ile)	1	1
(Microbial infection) ADP-riboxanated arginine	6	6
In form A	N/A	3
Or C-90 with C-133	N/A	1
Interchain (with C-166)	N/A	2
C-linked (GlcNAc) aspartate	1	1
D-alanine (Ser)	3	3
Proline amide	64	64
N-methyltyrosine	1	1
Phosphotyrosine	2644	2644
2-hydroxyproline	1	1
Phosphatidylethanolamine amidated glycine	8	8
Interchain (with C-137)	N/A	4
Interchain (with C-187)	N/A	1
6'-bromotryptophan	44	44
Serine amide	74	74
4-cysteinyl-glutamic acid (Cys-Glu)	2	2
O-linked (HexNAc...) serine	10	10
In monomer, partial	N/A	1
Interchain (with C-480)	N/A	8
Interchain (with C-567)	N/A	1
N6-(2-hydroxyisobutyryl)lysine	668	668
3-(S-cysteinyl)-tyrosine (Cys-Tyr)	1	1
2-methylglutamine	2	2
GPI-anchor amidated glycine	6	6
Interchain (with C-155)	N/A	1
Interchain (with C-81)	N/A	2
S-linked (Glc) cysteine	1	1
Lysino-D-alanine (Lys)	1	1
N6-crotonyllysine	345	345
S-12-hydroxyfarnesyl cysteine	3	3
C-linked (GlcNAc) leucine	1	1
In both disintegrin-like bothropasin and zinc metalloproteinase-disintegrin-like bothropasin	N/A	1
Asymmetric dimethylarginine	733	733
Interchain (between small and large chains, with C-42 in small chain) (or C-90)	N/A	1
Interchain (with C-375)	N/A	1
Interchain (between A3 and B4 chains)	N/A	1
S-(15-deoxy-Delta12,14-prostaglandin J2-9-yl)cysteine	2	2
Interchain (with C-74)	N/A	2
O-(2-aminoethylphosphoryl)serine	1	1
Interchain (with J chain)	N/A	1
Interchain (with C-98 in subunit B)	N/A	3
Interchain (with ERO1A)	N/A	1
Interchain (with C-142 in subunit B2)	N/A	1
N6-acetyllysine	5325	5325
(Microbial infection) Phosphoserine	3	3
5-methyloxazole-4-carboxylic acid (Cys-Thr)	2	2
Interchain (with C-72 in Kell)	N/A	1
Interchain (with C-22 in A0A024E3P0)	N/A	1
2-iminomethyl-5-imidazolinone (Gln-Gly)	2	2
N6-methylated lysine	18	18
Interchain (with C-351)	N/A	2
N(tele)-UMP-histidine	1	1
Glycyl lysine isopeptide (Lys-Gly) (interchain with G-Cter in URM1)	26	26
Interchain (with C-304)	N/A	1
Interchain (with C-468)	N/A	1
O-linked (Man) threonine	67	67
Interchain (with C-48 in TSA1)	N/A	1
Interchain (with C-31 in light chain)	N/A	1
Interchain (with C-232)	N/A	1
Threonine amide	97	97
Interchain (with C-113 in alpha chain)	N/A	1
N-linked (Man) tryptophan	3	3
Interchain (with C-482 in L0HR89)	N/A	1
Cyclopeptide (Ser-Gly)	2	2
Interchain (with heavy chain) (or with C-180)	N/A	1
O-linked (GlcNAc) threonine	60	60
S-(dipyrrolylmethanemethyl)cysteine	3	3
Pyrrolidone carboxylic acid (Glu)	13	13
(Z)-2,3-didehydroaspartate	3	3
Interchain (with C-118)	N/A	2
S-carbamoylcysteine	1	1
Interchain (with C-? in LTBP1 TB3 domain)	N/A	1
Cyclopeptide (Ile-Pro)	1	1
Cyclopeptide (Asp-Asn)	4	4
N-D-glucuronoyl glycine	1	1
Interchain (with C-497 in A0A2D1W645)	N/A	1
N6-malonyllysine	50	50
Isoaspartyl glycine isopeptide (Gly-Asp)	4	4
O-linked (DADDGlc) serine	1	1
O-(pantetheine 4'-phosphoryl)serine	47	47
N6-succinyllysine	1521	1521
Interchain (with C-96)	N/A	1
Lysine methyl ester	1	1
Sulfothreonine	1	1
Or C-583 with C-612	N/A	1
Phosphoarginine	15	15
Interchain (with C-49 in gamma chain)	N/A	1
Blocked amino end (Gly)	3	3
Isoglutamyl lysine isopeptide (Lys-Gln) (interchain with Q-?)	8	8
Interchain (with C-78 in ISG15)	N/A	1
4-hydroxyproline	1557	1557
Glyoxylic acid (Cys)	1	1
Interchain (with light chain)	N/A	5
Phosphatidylserine amidated glycine	6	6
Cyclopeptide (Phe-Pro)	1	1
Blocked amino end (Thr)	1	1
Interchain (with C-1305)	N/A	1
Dimethylated arginine	80	80
Interchain (with C-14 in A8W893)	N/A	1
Interchain (with C-383)	N/A	1
N2-acetylarginine	8	8
Interchain (with C-107)	N/A	1
N5-methylglutamine	51	51
Interchain (with C-108)	N/A	1
(3R,4R)-3,4-dihydroxyproline	1	1
Cyclopeptide (Gly-Asn)	72	72
Histidine amide	25	25
Interchain (between A and B chains)	N/A	13
2-cysteinyl-D-phenylalanine (Cys-Phe)	1	1
Interchain (with C-14 in subunit A)	N/A	1
N5-methylarginine	2	2
Isoglutamyl lysine isopeptide (Lys-Gln) (interchain with Q-31)	1	1
Interchain (with C-480 in F2NZB4)	N/A	1
Redox modulation	N/A	1
D-threonine	2	2
Isoglutamyl lysine isopeptide (Gln-Lys) (interchain with K-?)	5	5
Interchain (between alpha and beta chains)	N/A	5
Thiazole-4-carboxylic acid (Thr-Cys)	2	2
Interchain (with C-172 in FOSB)	N/A	1
Interchain (between gamma and delta chains)	N/A	1
Interchain (with C-278)	N/A	1
Interchain (with chain IID)	N/A	1
Interchain (with C-32)	N/A	2
Interchain (with C-31 in TRX2)	N/A	1
Interchain (with C-75)	N/A	2
Interchain (with C-136)	N/A	1
Cyclopeptide (Gly-Asp)	13	13
Interchain (with C-477 in A0A0B4UV34)	N/A	1
Interchain (between alpha and beta chains, with C-222 in alpha chain)	N/A	1
(Microbial infection) N6-palmitoyl lysine	2	2
Glycyl cysteine thioester (Gly-Cys) (interchain with C-192 in TtuC)	1	1
L-allo-isoleucine	2	2
Interchain (with C-219 in Q65ZC0)	N/A	1
Interchain (with C-22 in A0A1S6R2B6)	N/A	1
Interchain (with C-483 in Q6DQ33)	N/A	1
S-stearoyl cysteine	5	5
In isoform 1	N/A	1
N,N,N-trimethylmethionine	1	1
O-linked (Xyl) serine	1	1
(Microbial infection) Deamidated asparagine	4	4
Glycyl cysteine thioester (Cys-Gly) (interchain with G-Cter in ubiquitin)	12	12
N,N-(cysteine-1,S-diyl)serine (Cys-Ser)	1	1
Interchain (with C-465 in MICU1)	N/A	2
Interchain (with C-60 in C8-gamma chain)	N/A	1
S-(2,3-dicarboxypropyl)cysteine	6	6
N-acetyltyrosine	2	2
Tryptophyl-tyrosyl-methioninium (Trp-Tyr) (with M-255)	1	1
Interchain (with substrate)	N/A	1
5-glutamyl 2-aminoadipic acid	1	1
Interchain (with chain IIB)	N/A	1
Cyclopeptide (Leu-Trp)	1	1
Interchain (with C-126)	N/A	1
Interchain (with C-58 in alpha chain)	N/A	1
Interchain (with C-175)	N/A	1
4-hydroxyglutamate	1	1
Interchain (with C-212)	N/A	1
Interchain (with C-273)	N/A	1
5-imidazolinone (Ala-Gly)	5	5
Tele-methylhistidine	32	32
S-glutathionyl cysteine	37	37
N-methylproline	2	2
Interchain (with C-197)	N/A	1
Phosphotyrosine (covalent)	12	12
Interchain (with C-244)	N/A	1
N-methylvaline	41	41
Interchain (with C-13)	N/A	4
Interchain (with C-598 in YAP1)	N/A	1
Aspartyl aldehyde	1	1
Interchain (with C-36 in HYR1)	N/A	1
Interchain (between small and large chains)	N/A	4
Interchain (with C-479)	N/A	2
Interchain (with C-394)	N/A	1
S-methylmethionine	1	1
N-linked (HexNAc...) asparagine	3	3
Or C-37 with C-47	N/A	1
Interchain (with C-4)	N/A	1
GPI-like-anchor amidated asparagine	1	1
Cyclopeptide (Ala-Pro)	1	1
N6-palmitoyl lysine	8	8
Interchain (with C-476 in A0A218MY65)	N/A	1
N,N-dimethylalanine	5	5
Interchain (with C-36)	N/A	1
Interchain (with C-1652)	N/A	1
Interchain (with C-245)	N/A	1
Interchain (with C-64 in M-MIITX-Mp2a)	N/A	1
Interchain (with C-170)	N/A	3
O-tri-AMP-tyrosine	1	1
Interchain (with C-47)	N/A	3
Interchain (with C-360)	N/A	1
Isoglutamyl lysine isopeptide (Lys-Gln) (interchain with Q-154)	1	1
N-acetylcysteine	15	15
N6-biotinyllysine	11	11
Interchain (with C-6)	N/A	2
Deamidated glutamine	26	26
S-diacylglycerol cysteine	32	32
Hydroxyproline	278	278
O-acetylserine	6	6
S-(2-aminovinyl)-D-cysteine (Ser-Cys)	5	5
N-linked (Glc) (glycation) isoleucine	1	1
Phenylalanine amide	720	720
Interchain (with C-443)	N/A	1
N6-carboxylysine	127	127
N6-poly(methylaminopropyl)lysine	12	12
Interchain (with C-71)	N/A	3
(E)-2,3-didehydrobutyrine	5	5
N,N-dimethylglycine	1	1
N-acetylglycine	111	111
Interchain (with C-1394)	N/A	1
Interchain (with C-223 in beta chain)	N/A	1
4-carboxyglutamate	425	425
4-hydroxynonenal-conjugated histidine	2	2
Interchain (with C-233)	N/A	1
2-(cystein-S-ylcarbonyl)-3-methyl-4-(glutam-5-yloxy)methylindole (Glu-Cys)	1	1
N-linked (GlcNAc...) asparagine	7938	7938
Interchain (with C-25)	N/A	3
Glutamate methyl ester (Glu)	33	33
Interchain (with heavy chain of another subunit) (or with C-503 of PIGR/the secretory component)	N/A	2
Or C-78 with C-138	N/A	1
Essential for enzymatic activity	N/A	2
Interchain (with C-23)	N/A	2
Interchain (with C-816)	N/A	1
2,3-didehydroalanine (Cys)	3	3
N6-(retinylidene)lysine	7	7
(4R)-5-oxoleucine	1	1
Interchain (with C-876)	N/A	1
O-(5'-phospho-DNA)-tyrosine	2	2
globular isomer	N/A	2
S-(2-aminovinyl)-D-cysteine (Cys-Cys)	1	1
N-acetylvaline	53	53
Interchain (with C-135 in subunit gamma of octameric partner)	N/A	1
Interchain (with C-190 in light chain)	N/A	1
Aspartic acid 1-[(3-aminopropyl)(5'-adenosyl)phosphono]amide	1	1
N-methylaspartate	10	10
Interchain (with C-28)	N/A	4
Cysteine sulfinic acid (-SO2H)	111	111
S-linked (Hex...) cysteine	1	1
Tryptophylquinone	4	4
Diphosphoserine	4	4
Interchain (with C-66 in subunit A)	N/A	2
Pros-8alpha-FAD histidine	5	5
Glycine amide	139	139
N6-1-carboxyethyl lysine	1	1
Phosphohistidine	51	51
1'-histidyl-3'-tyrosine (His-Tyr)	3	3
Interchain (with C-179 of IGHA2/constant region of IgA2 heavy chain)	N/A	1
Interchain (with C-25 in A0A7H0DN11)	N/A	1
Glycyl lysine isopeptide (Lys-Gly) (interchain with G-Cter in host SUMO1)	1	1
Cyclopeptide (Ala-Arg)	1	1
Glycyl lysine isopeptide (Lys-Gly) (interchain with G-Cter in SUMO1)	341	341
Interchain (with C-21 in C3W5S1)	N/A	1
Interchain (with C-66)	N/A	2
Glycyl adenylate	8	8
Tryptophan tryptophylquinone (Trp-Trp)	2	2
Interchain (with C-114 in SLC3A1)	N/A	1
GPI-anchor amidated cysteine	2	2
Interchain (with C-92)	N/A	1
Interchain (with C-58 in apo-SOD1)	N/A	1
O-UMP-serine	5	5
Interchain (with C-136 in beta chain)	N/A	1
3-(L-phenylalan-2'-yl)-L-valine (Phe-Val)	1	1
Interchain (with an A chain)	N/A	1
Interchain (with C-482)	N/A	12
Isoglutamyl lysine isopeptide (Gln-Lys) (interchain with K-162)	1	1
N6-(pyridoxal phosphate)lysine	144	144
2-iminomethyl-5-imidazolinone (Met-Gly)	2	2
(Z)-2,3-didehydrotyrosine	2	2
2-(S-cysteinyl)-methionine (Cys-Met)	1	1
D-asparagine	8	8
Interchain (with C-3)	N/A	3
Interchain (with C-34)	N/A	4
2-tetrahydro-2-pyridyl-5-imidazolinone (Lys-Gly)	1	1
Interchain (with C-303)	N/A	2
Interchain (with C-327)	N/A	1
Interchain (with C-480 in A7UPX0)	N/A	1
Interchain (with C-65)	N/A	3
Interchain (with C-21)	N/A	19
Interchain (with C-498)	N/A	1
In inhibited form	N/A	3
(Microbial infection) ADP-ribosylthreonine	4	4
Interchain (with C-93)	N/A	1
In zinc metalloproteinase-disintegrin-like bothropasin	N/A	16
N-beta-linked (GlcNAc) arginine	13	13
Thiazole-4-carboxylic acid (Glu-Cys)	1	1
Interchain (with C-167 in DUOXA2)	N/A	1
Interchain (with C-158)	N/A	3
Glycyl lysine isopeptide (Lys-Gly) (interchain with G-Cter in SUMO)	209	209
Interchain (with C-100 in subunit B)	N/A	1
Interchain (with ROM1)	N/A	1
Isoglutamyl cysteine thioester (Cys-Gln)	8	8
Cyclopeptide (Lys-Asp)	2	2
Interchain (between B and A chains)	N/A	22
Interchain (with C-127)	N/A	2
Interchain (with C-480 in A0A2I7YV20)	N/A	1
Glycyl lysine isopeptide (Lys-Gly) (interchain with G-Cter in NEDD8)	8	8
Methionine (R)-sulfoxide	16	16
N-methylglycine	12	12
3-hydroxyvaline (Val)	3	3
N-linked (GalNAc) asparagine	2	2
4-hydroxynonenal-conjugated lysine	1	1
N-acetylproline	26	26
O-linked (Hex) threonine	1	1
Glutamic acid 1-amide	30	30
N,N,N-trimethylserine	1	1
Glycyl lysine isopeptide (Lys-Gly) (interchain with G-Cter in ISG15)	21	21
Interchain (with C-33)	N/A	1
Interchain (with C-88)	N/A	1
Interchain (with C-29)	N/A	1
N-methylisoleucine	19	19
Glycyl lysine isopeptide (Lys-Gly) (interchain with G-Cter in smo-1)	1	1
Interchain (with C-61 in AhpC)	N/A	1
(Microbial infection) Phosphothreonine	9	9
Interchain (with C-30 in H9XM74)	N/A	1
Glycyl lysine isopeptide (Lys-Gly) (interchain with G-Cter in UFM1)	4	4
N6-acetyl-N6-methyllysine	6	6
Interchain (with C-481 in G0KTD9)	N/A	1
Interchain (with C-915)	N/A	1
Interchain (with C-476)	N/A	7
Interchain (with C-73)	N/A	2
Interchain (with C-24 in virB7)	N/A	1
Interchain (with a B chain)	N/A	1
N4-methylasparagine	46	46
O-linked (Fuc) serine	2	2
(Microbial infection) Glycyl lysine isopeptide (Lys-Gly) (interchain with G-Cter in UFM1)	1	1
Interchain (with C-102 in subunit A of IX/X-bp or with C-79 in subunit A of IX-bp)	N/A	1
Interchain (with C-2581)	N/A	1
Interchain (with C-222)	N/A	2
Interchain (between Ric c 3 small and Ric c 3 large chains)	N/A	2
Beta-methyllanthionine (Thr-Cys)	54	54
Interchain (with C-23 in heavy chain)	N/A	1
D-alanine (Ala)	16	16
O-linked (Xyl...) (heparan sulfate) serine	5	5
Interchain (with C-521)	N/A	1
Interchain (with C-318)	N/A	1
5-hydroxylysine	136	136
5-glutamyl glycine	5	5
Isoglutamyl lysine isopeptide (Lys-Gln) (interchain with Q-213)	1	1
(Microbial infection) Glycyl lysine isopeptide (Lys-Gly) (interchain with G-Cter in ubiquitin)	17	17
Interchain (with C-1268)	N/A	1
Interchain (with C-20 in subunit B)	N/A	1
Interchain (with C-80 in subunit gamma of heterotetrameric partner)	N/A	1
Glycyl cysteine dithioester (Gly-Cys) (interchain with C-513 in Cap2)	1	1
Interchain (with C-130 in A0A7H0DN11)	N/A	1
Interchain (with C-? in TGFB1)	N/A	2
3-phenyllactic acid	1	1
Interchain (with C-29 in B chain)	N/A	1
Or C-39 with C-46	N/A	1
Or C-123 with C-182	N/A	1
Interchain (with C-69)	N/A	2
Or C-106 with C-132	N/A	1
Bromohistidine	1	1
Interchain (with C-476 in Q701T7)	N/A	1
Interchain (with C-1566)	N/A	1
O-linked (Gal...) serine	2	2
Interchain (with C-62 in multimeric partner 1)	N/A	1
Reversible	N/A	3
In peroxide stress-induced nuclear retained form	N/A	2
Interchain (with C-84 in SRX1)	N/A	1
Interchain (with C-23 in A0A2Z6G7U6)	N/A	1
Interchain (with C-582 in DUXA2)	N/A	1
Glycyl lysine isopeptide (Lys-Gly) (interchain with G-Cter in /SUMO5)	1	1
N2,N2-dimethylarginine	1	1
Tele-8alpha-FMN histidine	2	2
Methionine sulfoxide	64	64
O-palmitoyl threonine	2	2
O-linked (GalNAc) threonine	61	61
Interchain (with C-30 in I0AXC3)	N/A	1
Oxazole-4-carboxylic acid (Ser-Ser)	3	3
S-cGMP-cysteine	1	1
Interchain (with C-463 in MICU1)	N/A	1
Interchain (with C-119 in alpha chain)	N/A	1
Interchain (with C-8 in EMF10A)	N/A	1
Interchain (with C-37)	N/A	1
Or C-22 with C-50	N/A	1
Peptide (Met-Gly) (interchain with G-Cter in ubiquitin)	6	6
N-acetylserine	1182	1182
In nuclear retained form	N/A	1
Interchain (with C-94 in TRAC)	N/A	1
5-hydroxy-3-methylproline (Ile)	1	1
Interchain (with C-182)	N/A	4
Interchain (with C-27)	N/A	1
Interchain (with C-21 in A0A1J0CXU0)	N/A	1
N-linked (GlcNAc) asparagine	59	59
Interchain (with C-593)	N/A	1
N6-(ADP-ribosyl)lysine	13	13
O-AMP-threonine	5	5
Blocked amino end (Gln)	1	1
Glycyl cysteine dithioester (Gly-Cys) (interchain with C-13 in Cap2)	1	1
Glycyl lysine isopeptide (Gly-Lys) (interchain with K-? in acceptor proteins)	7	7
N-linked (GlcNAc...) (polylactosaminoglycan) asparagine	14	14
3'-(S-cysteinyl)-tyrosine (Tyr-Cys)	1	1
Interchain (with C-174)	N/A	2
3-hydroxytryptophan	6	6
Isoaspartyl lysine isopeptide (Lys-Asn)	3	3
Interchain (with gamma chain)	N/A	3
4-hydroxynonenal-conjugated cysteine	3	3
N-myristoyl glycine	281	281
GPI-anchor amidated aspartate	5	5
Interchain (with C-133 in AhpD)	N/A	1
ADP-ribosylserine	48	48
Glycyl cysteine thioester (Cys-Gly) (interchain with G-Cter in TtuB)	1	1
Interchain (with C-110)	N/A	1
Interchain (between non-catalytic and catalytic chains)	N/A	2
Interchain (with C-15)	N/A	2
Interchain (with C-466 in A8W891)	N/A	1
In monomeric form	N/A	4
Interchain (with C-347 in XK)	N/A	1
Interchain (with C-410 in MICU2)	N/A	1
Phosphothreonine	10003	10003
In isoform Se-P1	N/A	2
Lysine tyrosylquinone (Lys-Tyr)	3	3
Interchain (between A1a and Bx chains)	N/A	1
Interchain (with C-74 in subunit delta of heterotetrameric partner)	N/A	1
Interchain (with C-30)	N/A	11
Interchain (with C-6862 in SYNE2)	N/A	1
O-linked (HexNAc...) threonine	13	13
Interchain (with C-236)	N/A	1
3-methylthioaspartic acid	4	4
O-linked (Glc) threonine	1	1
Interchain (with C-51 in PRG2 proform)	N/A	1
O-linked (GlcNAc...) threonine	12	12
Interchain (with C-164 in SLC7A5	N/A	1
O-linked (Hex...) serine	5	5
Interchain (with C-18)	N/A	3
Interchain (with heavy chain of another subunit)	N/A	1
(E)-2,3-didehydrotyrosine	3	3
Interchain (with C-711)	N/A	1
2'-methylsulfonyltryptophan	1	1
O-(5'-phospho-RNA)-tyrosine	6	6
In chain A	N/A	1
Interchain (with C-3 in Q5YFJ3)	N/A	1
Interchain (with C-16 in EMF10B)	N/A	1
Interchain (with C-102 in subunit alpha-1)	N/A	1
N6,N6,N6-trimethyllysine	298	298
Essential for catalytic activity	N/A	1
Interchain (with C-139)	N/A	1
Interchain (with C-1285)	N/A	1
Or C-90 with C-150	N/A	1
N-alpha-linked (Rha) arginine	5	5
Interchain (with C-486)	N/A	3
2-oxobutanoic acid	3	3
Interchain (with C-20 in Q1KHJ8)	N/A	1
Interchain (with C-428)	N/A	1
In the active soluble endolysin	N/A	1
D-allo-isoleucine	6	6
Interchain (with C-482 in B8K0N5)	N/A	1
2-oxo-5,5-dimethylhexanoate	1	1
3-oxoalanine (Ser)	1	1
N-linked (GlcNAc...) (hybrid) asparagine	39	39
3-hydroxy-D-valine	2	2
O-alpha-linked (D-glycero-D-manno-heptose) serine	35	35
Interchain (with C-159)	N/A	1
N-palmitoyl cysteine	37	37
Interchain (with C-483)	N/A	9
Interchain (with C-368)	N/A	2
N,N-dimethylserine	1	1
Interchain (between F2 and F1 chains)	N/A	3
N-linked (Hex...) asparagine	5	5
Glutamate methyl ester (Gln)	8	8
(3S)-3-hydroxyhistidine	4	4
N-linked (Man...) asparagine	2	2
S-nitrosocysteine	89	89
Interchain (with C-26 in subunit beta of tetrameric partner)	N/A	2
(Microbial infection) O-acetylthreonine	13	13
Interchain (with C-233 in DUOXA2)	N/A	1
S-Lysyl-methionine sulfilimine (Met-Lys) (interchain with K-1651)	3	3
Interchain (with alpha chain)	N/A	4
Cyclopeptide (Met-Pro)	2	2
N-linked (DATDGlc) asparagine	2	2
N5-[4-(S-L-cysteinyl)-5-methyl-1H-imidazol-2-yl]-L-ornithine (Arg-Cys) (interchain with C-151 in KEAP1)	1	1
Interchain (with C-439 in P03420)	N/A	1
Tele-phosphohistidine	2	2
Glycyl lysine isopeptide (Gly-Lys) (interchain with K-130 in ATG5)	1	1
Interchain (with C-20 in A8HWY8)	N/A	1
(Microbial infection) N6-acetyllysine	1	1
Nitrated tyrosine	9	9
Sulfoserine	3	3
Cholesterol glycine ester	2	2
Interchain (with C-26 in chain A)	N/A	1
Interchain (between acidic and basic chains)	N/A	2
O-linked (Hex...) threonine	9	9
Interchain (with C-105)	N/A	1
3,4-dihydroxyarginine	1	1
N,N,N-trimethylalanine	16	16
Interchain (with C-476 in A0A024E2M1)	N/A	1
Interchain (with C-61)	N/A	3
N-methylthreonine	10	10
Interchain (with C-1231)	N/A	1
Interchain (with C-199 in IL12B)	N/A	1
Associated with receptor activation	N/A	8
(Microbial infection) O-alpha-linked (GlcNAc) threonine	4	4
Lysine amide	100	100
N-formylglycine	1	1
5-glutamyl polyglutamate	11	11
5-imidazolinone (Ser-Gly)	1	1
Interchain (with C-48)	N/A	4
Glycyl lysine isopeptide (Lys-Gly) (interchain with G-Cter in ubiquitin and interchain with MARCHF2)	1	1
(3R,4S)-4-hydroxyisoleucine	1	1
Omega-N-methylarginine	1313	1313
Interchain (with C-113)	N/A	1
Interchain (with C-483 in Q6J8F6)	N/A	1
Interchain (with C-98 in subunit beta)	N/A	1
Interchain (with C-30 in A0A097PF39)	N/A	1
O-octanoyl serine	6	6
2-cysteinyl-L-phenylalanine (Cys-Phe)	1	1
Interchain (with C-31)	N/A	5
Glycyl lysine isopeptide (Lys-Gly) (interchain with G-Cter in host SUMO1 or SUMO2)	1	1
In form B	N/A	4
Interchain (with C-483 in C5MRF2)	N/A	1
Interchain (with C-98 in beta chain)	N/A	1
2,3-didehydroalanine (Ser)	36	36
Interchain (with C-147)	N/A	1
Interchain (with C-239)	N/A	1
Glycyl lysine isopeptide (Lys-Gly) (interchain with G-Cter in host protein DncV)	2	2
Glutamine derivative	1	1
N-palmitoyl glycine	1	1
S-bacillithiol cysteine disulfide	5	5
Interchain (with C-19)	N/A	8
O-linked (Xyl...) (glycosaminoglycan) serine	18	18
Lanthionine (Ser-Cys)	38	38
In disintegrin-like catrocollastatin-C	N/A	8
Interchain (with C-92 in PIGK/GPI8)	N/A	1
Cyclopeptide (Arg-Cys) (interchain with C-9 in subunit A)	1	1
N-(12-oxomyristoyl)cysteine	1	1
Interchain (with C-179)	N/A	1
In diamide-induced nuclear retained form	N/A	2
By viral enzyme	N/A	1
(3S)-3-methylglutamine	1	1
Interchain (with a heavy chain)	N/A	14
N6-murein peptidoglycan lysine	1	1
ADP-ribosylarginine	13	13
Interchain (with C-19 in U3RVK6)	N/A	1
Interchain (with C-104 in coagulation factor X-activating enzyme light chain LC2)	N/A	1
3-hydroxyasparagine	3	3
O-linked (GlcNAc...) serine	1	1
Interchain (with C-294)	N/A	1
S-(2-succinyl)cysteine	35	35
Interchain (with C-125)	N/A	2
Interchain (with C-39)	N/A	1
Hypusine	14	14
D-lactate	2	2
5-glutamyl glycerylphosphorylethanolamine	10	10
N-linked (GalNAc...) asparagine	9	9
1-thioglycine	14	14
O-linked (GalNAc...) threonine	535	535
Interchain (with C-184 in alpha chain)	N/A	1
Interchain (with C-9 in venom peptide isomerase light chain)	N/A	1
Citrulline	124	124
Cyclopeptide (Trp-Pro)	3	3
Interchain (with C-30 in Q91MA7)	N/A	1
Interchain (with C-483 in Q1KHK7)	N/A	1
GPI-anchor amidated asparagine	8	8
Cyclopeptide (Ile-Lys)	1	1
Sulfocysteine	1	1
Interchain (with C-1041)	N/A	1
Interchain (between heavy and light chains)	N/A	9
Interchain (with C-100 in subunit beta-2)	N/A	1
Tryptophyl-tyrosyl-methioninium (Trp-Tyr) (with M-252)	1	1
Interchain (with C-22 in Q6GYW3)	N/A	1
ribbon isomer	N/A	2
N6-myristoyl lysine	12	12
ADP-ribosylglycine	4	4
Or C-14 with C-32	N/A	1
5-methylarginine	4	4
S-8alpha-FAD cysteine	3	3
N-acetylaspartate	6	6
Diphthamide	7	7
Interchain (with C-158 in subunit alpha of tetrameric partner)	N/A	2
6-(S-cysteinyl)-8alpha-(pros-histidyl)-FAD (His-Cys)	9	9
(Microbial infection) O-AMP-tyrosine	4	4
Interchain (with C-129)	N/A	1
N-linked (Glc...) asparagine	12	12
Interchain (with C-56)	N/A	1
Interchain (with C-208)	N/A	2
Interchain (with C-24 in subunit A)	N/A	1
Interchain (with C-144 in SLC7A5)	N/A	1
S-linked (Gal...) cysteine	1	1
N6-decanoyllysine	3	3
GPI-anchor amidated serine	27	27
Isoglutamyl lysine isopeptide (Gln-Lys) (interchain with K-89)	2	2
Interchain (with C-72)	N/A	3
FMN phosphoryl threonine	8	8
Interchain (with C-130)	N/A	1
N-linked (GalNAc...) (glycosaminoglycan) asparagine	1	1
N-linked (Glc...) arginine	2	2
S-geranylgeranyl cysteine	63	63
D-tryptophan	14	14
3-methylisoleucine	1	1
Interchain (with C-41)	N/A	3
Interchain (with C-17 in M-MIITX-Mp2b)	N/A	1
Interchain (with C-100 in subunit beta of heterodimeric partner)	N/A	2
N-linked (Hex) asparagine	1	1
O-(5'-phospho-DNA)-serine	3	3
Interchain (with C-68 in alpha chain)	N/A	1
Interchain (with C-90)	N/A	2
Interchain (with C-469)	N/A	2
Cysteine sulfenic acid (-SOH)	215	215
Interchain (with C-144)	N/A	1
N6-butyryllysine	78	78
(3R)-3-hydroxyaspartate	13	13
Isoaspartyl lysine isopeptide (Lys-Asn) (interchain with N-356)	1	1
3-cysteinyl-aspartic acid (Cys-Asp)	6	6
3-hydroxyproline	46	46
N,N-dimethylproline	11	11
Interchain (between HA1 and HA2 chains)	N/A	1
Tryptophan derivative	1	1
Interchain (with C-173)	N/A	4
3,4-dihydroxyproline	5	5
Interchain (with C-20 in Q0A426)	N/A	1
Interchain (with C-60)	N/A	7
N6-propionyllysine	12	12
N,N-dimethylleucine	1	1
Blocked carboxyl end (His)	1	1
Cyclopeptide (Leu-Leu)	1	1
Interchain (with C-20 in C5HMM2)	N/A	1
Interchain (with C-500 or C-501 in GP1BA)	N/A	1
N6-lactoyllysine	315	315
Interchain (with C-555 in GP10)	N/A	1
Interchain (with C-29 in APOA2)	N/A	1
Interchain (with C-442 in A26)	N/A	1
Interchain (with C-183)	N/A	1
N6-lipoyllysine	20	20
Interchain (with C-22 in A0A2Z6G7U3)	N/A	1
S-cyanocysteine	1	1
D-serine (Ser)	3	3
Beta-methyllanthionine sulfoxide (Thr-Cys)	1	1
Or C-6 with C-32	N/A	2
Interchain (with C-736)	N/A	1
Interchain (between alpha and beta subunits)	N/A	3
Blocked amino end (Val)	1	1
Interchain (with C-204)	N/A	1
Interchain (with C-1062)	N/A	1
Interchain (with C-68)	N/A	5
Interchain (with C-193)	N/A	2
C-linked (GlcNAc) asparagine	5	5
O-linked (Glc) serine	61	61
Interchain (with C-138 in A0A0M3KL48)	N/A	1
Glycine radical	4	4
Interchain (with C-499 in C0LT38)	N/A	1
Interchain (with C-115 in TAPBP)	N/A	1
Interchain (with C-67)	N/A	3
Isoaspartyl glycine isopeptide (Asn-Gly)	1	1
Interchain (with C-101)	N/A	1
Interchain (with C-481 in C5MVT7)	N/A	1
Deamidated asparagine	58	58
Interchain (with C-16)	N/A	1
Interchain (with C-478)	N/A	3
Cyclopeptide (Cys-Arg) (interchain with R-1 in subunit A)	1	1
In AusIA-ribbon form	N/A	2
Redox active	N/A	1
D-phenylalanine	13	13
Interchain (with C-484)	N/A	2
Interchain (with C-667)	N/A	1
Interchain (with C-78 in subunit alpha)	N/A	1
Interchain (with C-156)	N/A	1
Oxazole-4-carboxylic acid (Gly-Ser)	3	3
N-methylserine	2	2
5-methyloxazole-4-carboxylic acid (Thr-Thr)	1	1
2-(3-methylbutanoyl)-5-hydroxyoxazole-4-carbothionic acid (Leu-Cys)	1	1
D-valine	2	2
Methionine sulfone	1	1
Interchain (with C-22 in subunit A)	N/A	1
Interchain (with C-335)	N/A	1
Blocked amino end (Pro)	1	1
Leucine amide	762	762
Interchain (with C-275)	N/A	1
Interchain (with C-10 in M-MIITX-Mp2b)	N/A	1
Interchain (with C-248)	N/A	2
Phosphoserine	55416	55416
Isoglutamyl lysine isopeptide (Gln-Lys) (interchain with K-312)	2	2
Interchain (with C-609)	N/A	1
Interchain (with C-71 in M-MIITX-Mp2a)	N/A	1
Interchain (with C-116)	N/A	1
Interchain (with C-481 in A0A067YZ73)	N/A	1
(3R)-3-hydroxyasparagine	9	9
O-linked (Gal...) hydroxyproline	3	3
O-hexanoyl serine	1	1
PolyADP-ribosyl aspartic acid	3	3
C-linked (Man) tryptophan	117	117
Interchain (with C-52 in Irditoxin subunit B)	N/A	1
Pyrrolidone carboxylic acid	1021	1021
O-linked (GlcNAc...) hydroxyproline	2	2
Interchain (with C-476 in S4V1Z7)	N/A	1
Interchain (with C-55 in alpha chain)	N/A	1
Interchain (with C-54)	N/A	1
FMN phosphoryl serine	1	1
O-linked (Hex) serine	6	6
O-linked (GlcNAc) tyrosine	4	4
Interchain (with C-371)	N/A	1
N-linked (GlcNAc...) (paucimannose) asparagine	15	15
N6,N6-dimethyllysine	986	986
Interchain (with C-441 in A26)	N/A	1
4-aspartylphosphate	41	41
O-linked (Fuc) threonine	10	10
D-4-hydroxyvaline	2	2
O-linked (HexNAc...) tyrosine	1	1
Interchain, redox-active	N/A	1
Interchain (with C-30 in TRX1)	N/A	1
4-hydroxyarginine	1	1
Interchain (with C-211)	N/A	1
O-linked (Man...) threonine	95	95
Interchain (with C-22 in A0A0R5TXT5)	N/A	1
Interchain (with C-62)	N/A	2
Interchain (with C-21 in G0KTJ4)	N/A	1
Interchain (with C-481 in A0A6J3XB93)	N/A	2
Interchain (with C-11 in EMF10B)	N/A	1
Partial	N/A	1
Interchain (with C-5)	N/A	2
Interchain (with C-95 in beta chain)	N/A	1
Interchain (with C-21 in A7Y8A6)	N/A	1
Interchain (with C-559)	N/A	1
Interchain (with C-69 in P03420)	N/A	1
3-methylvaline	5	5
Lanthionine (Cys-Ser)	1	1
Interchain (with C-52)	N/A	4
Or C-103 with C-152	N/A	1
N-linked (Glc) (glycation) valine	1	1
Interchain (with C-63)	N/A	5
(Z)-2,3-didehydrobutyrine	19	19
N6-formyllysine	3	3
Glycyl lysine isopeptide (Lys-Gly) (interchain with G-Cter in TtuB)	3	3
Tyrosine amide	72	72
Interchain (with C-116 in venom peptide isomerase heavy chain)	N/A	1
Interchain (with C-169 in PRG2 proform)	N/A	1
Disulfide bond	25442	23865
Interchain (with C-28 in subunit B)	N/A	1
Interchain (with C-49)	N/A	2
O-linked (Man) serine	54	54
(3S)-3-hydroxylysine	3	3
5-methyloxazoline-4-carboxylic acid (Ser-Thr)	1	1
3-(O4'-tyrosyl)-valine (Val-Tyr)	1	1
In oxidase form	N/A	2
Aminomalonic acid (Ser)	1	1
O-linked (Man1P...) serine	2	2
Interchain (with C-212 in P03420)	N/A	1
Interchain (with C-210 in SLC3A2)	N/A	3
Symmetric dimethylarginine	72	72
Interchain (with C-407)	N/A	4
Glycyl lysine isopeptide (Lys-Gly) (interchain with G-Cter in SUMO2)	5161	5161
Interchain (with C-46)	N/A	2
Interchain (with C-452 of IGHM)	N/A	2
(3R,4S)-3,4-dihydroxyproline	34	34
(Microbial infection) N6-stearoyl lysine	9	9
Interchain (with C-481 in A0A109YUH3)	N/A	1
(Microbial infection) O-acetylserine	10	10
4,5-dihydroxylysine	4	4
Or C-89 with C-137	N/A	1
3'-prenyl-2',N2-cyclotryptophan	6	6
Interchain (with C-137 in subunit A1)	N/A	1
Interchain (with C-71 in alpha chain)	N/A	1
(3R)-N4-methyl-3-hydroxy-D-asparagine	2	2
Interchain	N/A	506
Interchain (with C-81 in subunit A)	N/A	1
Interchain (with C-35)	N/A	3
6'-chlorotryptophan	1	1
Interchain (with C-7)	N/A	1
Or C-1899 with C-1942	N/A	1
Isoglutamyl lysine isopeptide (Lys-Gln) (interchain with Q-212)	1	1
Interchain (with C-83)	N/A	1
Interchain (with C-84)	N/A	1
Aspartic acid 1-amide	7	7
Interchain (with C-2462)	N/A	1
Interchain (with heavy chain)	N/A	9
Interchain (with C-528)	N/A	1
Interchain (with C-87 in UBE2N)	N/A	1
Or C-16 with C-33	N/A	2
Interchain (with C-282)	N/A	2
Interchain (with C-20 in Q6DQ33)	N/A	1
Allysine	39	39
2-(S-cysteinyl)pyruvic acid O-phosphothioketal	1	1
Thiazolidine linkage to a ring-opened DNA abasic site	2	N/A
Interchain (with C-59)	N/A	2
Interchain (with C-119 in IL12A)	N/A	1
Interchain (with C-476 in A0A097PHH8)	N/A	1
ADP-ribosyl glutamic acid	28	28
Methionine amide	101	101
3-methyl-D-valine	3	3
4-hydroxylysine	3	3
Interchain (with C-361)	N/A	1
S-linked (GlcNAc) cysteine	1	1
Interchain (with C-77)	N/A	2
O-linked (Man...) serine	62	62
Interchain (with C-21 in A0A059T4A1)	N/A	1
O-UMP-threonine	3	3
Methylhistidine	13	13
Interchain (between VP2 and VP1 chains)	N/A	1
Interchain (with C-95)	N/A	1
Interchain (with C-172)	N/A	1
Interchain (with C-568 in DUXA2)	N/A	1
Glycyl lysine isopeptide (Lys-Gly) (interchain with G-Cter in SAMP2)	4	4
3'-(S-cysteinyl)-tyrosine (Cys-Tyr)	4	4
Interchain (with C-78)	N/A	1
2'-(S-cysteinyl)-histidine (Cys-His)	10	10
Interchain (with C-24)	N/A	1
O-linked (GlcNAc) serine	113	113
O-di-AMP-tyrosine	1	1
Interchain (between light and heavy chains)	N/A	15
Interchain (with a light chain)	N/A	4
Beta-methyllanthionine (Cys-Thr)	3	3
Interchain (with C-103)	N/A	1
O-octanoyl threonine	1	1
Interchain (with C-86)	N/A	1
N-methylhistidine	1	1
Interchain (with C-120)	N/A	1
Interchain (with C-412)	N/A	1
Interchain (with C-1590)	N/A	1
Interchain (between small and large chains, with C-30 in small chain)	N/A	1
O-decanoyl threonine	1	1
O-linked (Xyl...) (chondroitin sulfate) serine	112	112
Interchain (with C-6 in subunit A)	N/A	1
(Microbial infection) N-beta-linked (GlcNAc) arginine	18	18
3-hydroxypyridine-2,5-dicarboxylic acid (Ser-Cys) (with S-47)	1	1
Aspartate methyl ester	4	4
(Microbial infection) O-(2-cholinephosphoryl)serine	2	2
Interchain (with C-477)	N/A	6
N-linked (GlcNAc...) (keratan sulfate) asparagine	14	14
D-leucine	7	7
In Imi-ribbon form	N/A	2
Valine amide	383	383
Interchain (with C-263)	N/A	1
(3S,4R)-3,4-dihydroxyisoleucine	1	1
Triiodothyronine	4	4
Interchain (between alpha and gamma chains)	N/A	2
Interchain (with C-171)	N/A	1
Or C-53 with C-79	N/A	1
Interchain (with C-30 in A0A0Y0S9M3)	N/A	1
Cyclopeptide (Arg-Cys) (interchain with C-73 in subunit A)	2	2
Glycyl lysine isopeptide (Lys-Gly) (interchain with G-Cter in SUMO1, SUMO2 and SUMO3)	1	1
Cysteine persulfide	49	49
Alternate	N/A	28
Or C-11 with C-41 (about 25%)	N/A	1
Interchain (with C-22 in A0A0C4ZYE2)	N/A	1
Cysteine methyl ester	43	43
Total	140994	N/A
Isoaspartyl glycine isopeptide (Asp-Gly)	1	1
5-glutamyl serotonin	6	6
Interchain (with C-475)	N/A	1
2,3-didehydrobutyrine	26	26
Interchain (with C-9)	N/A	3
Interchain (with C-37 in E0WLS1)	N/A	1
3-hydroxypyridine-2,5-dicarboxylic acid (Ser-Ser) (with C-46)	1	1
ADP-ribosylhistidine	3	3
Interchain (with C-223)	N/A	3
(3R,4R)-4,5-dihydroxyisoleucine	1	1
Interchain (with C-69 in E0WLS1)	N/A	1
Interchain (with C-33 in TGFB1)	N/A	2
Interchain (between small and large subunit)	N/A	2
Interchain (with C-12 in subunit B)	N/A	1
Interchain (with C-431)	N/A	1
Interchain (with C-264)	N/A	1
Interchain (with C-292)	N/A	1
Interchain (with C-115)	N/A	2
Interchain (with C-820)	N/A	1
4,5,5'-trihydroxyleucine	1	1
N-methylphenylalanine	16	16
O-palmitoleoyl serine	5	5
Interchain (with C-10 in cleaved protease cofactor pVI-C)	N/A	1
Interchain (with C-20)	N/A	19
Blocked amino end (Ala)	8	8
Or C-39 with C-92	N/A	1
Interchain (with C-7 in subunit B)	N/A	1
Interchain (with C-461 in PAPPA)	N/A	1
Isoglutamyl glycine isopeptide (Gly-Glu)	2	2
Interchain (with C-60 in multimeric partner 2)	N/A	1
O-linked (Ara...) hydroxyproline	3	3
Interchain (between GP1 and GP2 chains)	N/A	1
Interchain (with C-90 in gN)	N/A	1
(Microbial infection) ADP-ribosylasparagine	1	1
In zinc metalloproteinase-disintegrin-like brevilysin H6	N/A	1
Tryptophan amide	103	103
